Codon,P_philippinicum,P_giganteum,C_oyae,P_bioculatum,C_tibetense,C_westwoodii
TTT,45.998446,83.22038493,82.78867102,81.18381754,86.14636781,89.63282937
TTC,8.547008547,16.53564652,17.70152505,16.29106706,17.55333513,16.73866091
TTA,49.57264957,71.56410951,71.89542484,72.49524844,71.56359708,76.40388769
TTG,6.837606838,17.07779886,18.51851852,16.01954928,15.66297597,15.9287257
CTT,6.682206682,15.18026565,12.25490196,11.94678251,11.0721037,10.25917927
CTC,0.621600622,1.355380862,0.816993464,1.357588922,0.27005131,0.539956803
CTA,8.547008547,20.05963676,16.33986928,18.73472712,18.09343775,14.30885529
CTG,1.087801088,2.439685552,1.089324619,1.086071138,1.080205239,0.269978402
ATT,47.55244755,69.12442396,74.61873638,81.18381754,74.53416149,73.16414687
ATC,9.324009324,18.7042559,15.52287582,14.93347814,13.7726168,14.03887689
ATA,53.14685315,91.08159393,99.67320261,98.28943796,105.8601134,110.4211663
ATG,5.74980575,15.45134183,11.71023965,10.58919359,10.80205239,8.909287257
GTT,13.51981352,27.64976959,20.96949891,23.35052946,21.87415609,21.59827214
GTC,0.932400932,1.897533207,0.816993464,2.172142275,1.080205239,0.539956803
GTA,10.72261072,19.24640824,19.88017429,18.19169156,20.52389954,16.1987041
GTG,0.310800311,2.439685552,2.450980392,1.629106706,1.350256549,0.809935205
TCT,12.8982129,23.85470317,23.69281046,24.97963617,26.46502836,27.53779698
TCC,2.641802642,4.879371103,4.08496732,4.072766766,3.780718336,1.61987041
TCA,18.95881896,34.4266739,35.40305011,32.85365191,33.48636241,34.55723542
TCG,0.932400932,1.08430469,0.816993464,1.357588922,0.540102619,0.269978402
CCT,7.148407148,10.8430469,13.07189542,12.76133587,13.7726168,11.60907127
CCC,3.72960373,4.879371103,4.08496732,3.801248982,1.620307858,2.429805616
CCA,9.013209013,18.97533207,17.15686275,19.00624491,19.98379692,20.51835853
CCG,0.310800311,1.08430469,0.816993464,0.814553353,0.27005131,0.269978402
ACT,10.56721057,15.45134183,11.71023965,13.30437144,13.7726168,13.22894168
ACC,3.263403263,6.234751965,5.446623094,8.960086886,3.780718336,3.779697624
ACA,17.4048174,34.69775007,40.30501089,34.48275862,35.64677289,40.76673866
ACG,0.621600622,1.626457034,0.816993464,1.357588922,1.350256549,0.809935205
GCT,6.371406371,10.30089455,10.34858388,10.58919359,9.721847151,8.369330454
GCC,2.331002331,3.252914069,2.723311547,4.072766766,3.780718336,2.429805616
GCA,7.614607615,13.28273245,14.4335512,11.67526473,14.31271942,16.1987041
GCG,0.466200466,0.813228517,0.272331155,0.543035569,0.27005131,0
TAT,22.68842269,34.15559772,40.03267974,40.18463209,41.04779908,40.76673866
TAC,5.283605284,9.216589862,7.352941176,7.330980179,9.181744531,7.82937365
TAA,1.709401709,2.168609379,2.723311547,2.172142275,2.430461788,2.969762419
TAG,0,0.271076172,0,0.271517784,0.27005131,0
CAT,6.993006993,9.758742207,11.16557734,10.86071138,12.42236025,11.33909287
CAC,2.952602953,7.047980483,4.357298475,6.244909042,3.510667027,5.129589633
CAA,8.080808081,14.90918948,15.25054466,13.57588922,14.58277073,13.76889849
CAG,1.398601399,3.252914069,2.723311547,3.529731197,3.240615717,2.429805616
AAT,22.68842269,36.3242071,38.67102397,37.46945425,37.26708075,39.95680346
AAC,6.371406371,14.36703714,13.61655773,14.11892479,12.69241156,13.22894168
AAA,16.31701632,26.02331255,30.22875817,27.96633179,28.08533621,30.23758099
AAG,2.641802642,5.69259962,3.812636166,4.615802335,5.401026195,3.779697624
GAT,7.614607615,14.63811331,16.06753813,13.84740701,17.28328382,14.57883369
GAC,3.108003108,3.523990241,3.267973856,4.072766766,2.700513097,3.779697624
GAA,8.857808858,15.45134183,17.70152505,15.7480315,15.39292466,17.00863931
GAG,3.263403263,3.795066414,2.450980392,3.258213413,4.590872266,4.049676026
TGT,6.682206682,12.19842776,11.16557734,14.39044257,11.88225763,13.22894168
TGC,0.932400932,1.897533207,2.450980392,1.086071138,2.160410478,1.079913607
TGA,11.4996115,19.24640824,22.05882353,20.36383383,19.71374561,19.70842333
TGG,2.641802642,5.69259962,3.267973856,4.615802335,5.401026195,4.859611231
CGT,2.952602953,3.795066414,5.991285403,3.529731197,4.320820956,5.399568035
CGC,0.155400155,0,0.272331155,0.543035569,0.27005131,0
CGA,4.195804196,8.132285172,6.535947712,8.145533532,7.561436673,7.019438445
CGG,0.466200466,1.355380862,0,1.086071138,0.540102619,0.269978402
AGT,4.662004662,8.945513689,9.259259259,9.23160467,10.26194977,5.669546436
AGC,0.466200466,1.08430469,1.089324619,1.357588922,1.620307858,0.539956803
AGA,12.8982129,22.22824614,20.96949891,21.44990497,18.90359168,22.40820734
AGG,0.932400932,1.626457034,2.450980392,2.172142275,2.160410478,2.429805616
GGT,10.72261072,19.51748441,18.51851852,18.19169156,19.71374561,19.16846652
GGC,0.621600622,2.981837896,2.450980392,2.44366006,2.700513097,2.699784017
GGA,12.12121212,23.04147465,23.69281046,21.17838718,24.03456657,25.10799136
GGG,7.925407925,8.945513689,8.169934641,10.86071138,4.860923575,5.399568035
